{
 "k": 15,
 "P_coeffs_e1_to_e7": [
  140,
  7462,
  191620,
  2475473,
  15291640,
  38402064,
  25401600
 ],
 "rho_lo": [
  109682397,
  100000000
 ],
 "rho_hi": [
  54841299,
  50000000
 ],
 "Y0": 2131,
 "C_A": [
  472611744124214407772186109437035217691493069885909509237542511221937876461259928845383918711791741485861,
  5000000000000000000000000000000000000000000000000000000000000000000000000000000000000000000000000000000
 ],
 "C_B": [
  57675939475540190063309597684187091899124253572297108127104275890164986337402916063559912478902181707,
  610351562500000000000000000000000000000000000000000000000000000000000000000000000000000000000000000
 ],
 "C15": [
  1729,
  1000
 ],
 "C15_exact_float": 1.7279301580271447,
 "kappa_asymptotic": "1.727623250606485426743422528523359535909",
 "worley_rs_max": 3
}